date,source,server,low,q1,md,q3,high
2025-04-01,op-de8a,public,973,11983,18236,27962,46603
2025-04-01,op-de8a-conflux,public,119,17476,29959,41943,69905
2025-04-01,op-hk8a,public,788,4993,6553,8144,12710
2025-04-01,op-hk8a-conflux,public,198,5907,8924,11983,19972
2025-04-01,op-us8a,public,0,0,0,0,0
2025-04-01,op-us8a-conflux,public,586,11650,17476,23301,38130
2025-04-02,op-de8a,public,679,11335,18236,27962,52428
2025-04-02,op-de8a-conflux,public,638,15534,26214,38130,69905
2025-04-02,op-hk8a,public,177,5053,6765,8388,13107
2025-04-02,op-hk8a-conflux,public,233,6657,9754,11983,19972
2025-04-02,op-us8a,public,0,0,0,0,0
2025-04-02,op-us8a-conflux,public,229,11335,16777,22075,38130
2025-04-03,op-de8a,public,332,11983,19065,27962,46603
2025-04-03,op-de8a-conflux,public,534,16131,27962,41943,69905
2025-04-03,op-hk8a,public,155,4793,6355,8065,12710
2025-04-03,op-hk8a-conflux,public,541,5805,8924,11650,19972
2025-04-03,op-us8a,public,0,0,0,0,0
2025-04-03,op-us8a-conflux,public,199,11650,16777,22075,34952
2025-04-04,op-de8a,public,38,12616,19972,27962,46603
2025-04-04,op-de8a-conflux,public,290,18236,29959,46603,83886
2025-04-04,op-hk8a,public,133,4993,6452,8388,13107
2025-04-04,op-hk8a-conflux,public,156,6260,9021,11650,19065
2025-04-04,op-us8a,public,0,0,0,0,0
2025-04-04,op-us8a-conflux,public,177,10895,16131,22075,38130
2025-04-05,op-de8a,public,174,12710,19972,29959,52428
2025-04-05,op-de8a-conflux,public,37,14342,23301,38130,69905
2025-04-05,op-hk8a,public,417,4486,6078,7767,12336
2025-04-05,op-hk8a-conflux,public,125,5573,8224,11413,19972
2025-04-05,op-us8a,public,0,0,0,0,0
2025-04-05,op-us8a-conflux,public,307,10552,16131,22075,38130
2025-04-06,op-de8a,public,140,10230,17476,24672,41943
2025-04-06,op-de8a-conflux,public,113,16131,27962,41943,69905
2025-04-06,op-hk8a,public,149,4877,6452,8388,13530
2025-04-06,op-hk8a-conflux,public,116,5745,8559,11983,20971
2025-04-06,op-us8a,public,0,0,0,0,0
2025-04-06,op-us8a-conflux,public,162,9986,14979,19972,32263
2025-04-07,op-de8a,public,234,9986,16777,24672,46603
2025-04-07,op-de8a-conflux,public,187,17476,26214,41943,69905
2025-04-07,op-hk8a,public,141,4821,6452,8224,13107
2025-04-07,op-hk8a-conflux,public,220,5825,8738,11650,19972
2025-04-07,op-us8a,public,0,0,0,0,0
2025-04-07,op-us8a-conflux,public,89,11335,16777,22075,38130
2025-04-08,op-de8a,public,167,10754,17476,26214,46603
2025-04-08,op-de8a-conflux,public,47,19065,32263,46603,83886
2025-04-08,op-hk8a,public,263,5242,6765,8738,13981
2025-04-08,op-hk8a-conflux,public,317,6765,9754,12710,20971
2025-04-08,op-us8a,public,0,0,0,0,0
2025-04-08,op-us8a-conflux,public,171,11335,16131,22075,38130
2025-04-09,op-de8a,public,159,11037,19065,27962,52428
2025-04-09,op-de8a-conflux,public,159,19972,32263,46603,83886
2025-04-09,op-hk8a,public,513,5115,6765,8738,13981
2025-04-09,op-hk8a-conflux,public,191,6990,10485,13530,23301
2025-04-09,op-us8a,public,0,0,0,0,0
2025-04-09,op-us8a-conflux,public,116,9986,14979,20971,34952
2025-04-10,op-de8a,public,150,10230,16777,26214,46603
2025-04-10,op-de8a-conflux,public,294,17476,29959,46603,83886
2025-04-10,op-hk8a,public,127,4660,6452,8388,13530
2025-04-10,op-hk8a-conflux,public,191,6765,9754,12710,20971
2025-04-10,op-us8a,public,0,0,0,0,0
2025-04-10,op-us8a-conflux,public,148,11335,16777,22075,38130
2025-04-11,op-de8a,public,161,9269,16131,25057,46603
2025-04-11,op-de8a-conflux,public,213,15534,27962,41943,69905
2025-04-11,op-hk8a,public,158,5053,6553,8738,13981
2025-04-11,op-hk8a-conflux,public,135,6990,9532,12336,19972
2025-04-11,op-us8a,public,0,0,0,0,0
2025-04-11,op-us8a-conflux,public,229,10754,16131,22075,38130
2025-04-12,op-de8a,public,307,9373,16131,23301,41943
2025-04-12,op-de8a-conflux,public,479,13981,23301,38130,69905
2025-04-12,op-hk8a,public,176,4660,6553,8559,13981
2025-04-12,op-hk8a-conflux,public,124,6553,9532,12336,20971
2025-04-12,op-us8a,public,0,0,0,0,0
2025-04-12,op-us8a-conflux,public,244,10754,15534,20971,34952
2025-04-13,op-de8a,public,274,7803,13755,22075,41943
2025-04-13,op-de8a-conflux,public,921,10754,19972,34952,69905
2025-04-13,op-hk8a,public,197,4559,6452,8559,14463
2025-04-13,op-hk8a-conflux,public,443,6355,9532,12336,20971
2025-04-13,op-us8a,public,0,0,0,0,0
2025-04-13,op-us8a-conflux,public,243,9118,14463,20971,38130
2025-04-14,op-de8a,public,546,9118,16131,24672,46603
2025-04-14,op-de8a-conflux,public,551,12616,23301,34952,59918
2025-04-14,op-hk8a,public,218,4934,6657,8924,14463
2025-04-14,op-hk8a-conflux,public,150,6452,9532,12336,20971
2025-04-14,op-us8a,public,0,0,0,0,0
2025-04-14,op-us8a-conflux,public,105,9118,14979,20971,38130
2025-04-15,op-de8a,public,235,8224,14979,24672,46603
2025-04-15,op-de8a-conflux,public,585,14979,24672,38130,69905
2025-04-15,op-hk8a,public,139,4032,5825,7767,13107
2025-04-15,op-hk8a-conflux,public,162,5907,8388,11650,19972
2025-04-15,op-us8a,public,0,0,0,0,0
2025-04-15,op-us8a-conflux,public,131,8065,12710,19065,34952
2025-04-16,op-de8a,public,196,8559,14463,23301,41943
2025-04-16,op-de8a-conflux,public,315,13107,22075,34952,59918
2025-04-16,op-hk8a,public,251,4877,6657,8924,14979
2025-04-16,op-hk8a-conflux,public,182,4993,7767,11335,19972
2025-04-16,op-us8a,public,0,0,0,0,0
2025-04-16,op-us8a-conflux,public,162,9532,14979,19972,34952
2025-04-17,op-de8a,public,723,6990,12336,19972,38130
2025-04-17,op-de8a-conflux,public,275,11983,20971,34952,59918
2025-04-17,op-hk8a,public,168,4279,6260,8388,14463
2025-04-17,op-hk8a-conflux,public,201,5825,8559,11492,19972
2025-04-17,op-us8a,public,0,0,0,0,0
2025-04-17,op-us8a-conflux,public,115,7913,13755,19972,34952
2025-04-18,op-de8a,public,231,8738,14979,23301,41943
2025-04-18,op-de8a-conflux,public,95,12336,22075,38130,69905
2025-04-18,op-hk8a,public,251,3744,5745,8065,14463
2025-04-18,op-hk8a-conflux,public,71,4964,8306,11335,19972
2025-04-18,op-us8a,public,0,0,0,0,0
2025-04-18,op-us8a-conflux,public,154,8972,13755,19972,34952
2025-04-19,op-de8a,public,276,8738,15534,23301,41943
2025-04-19,op-de8a-conflux,public,298,13981,24672,38130,69905
2025-04-19,op-hk8a,public,210,4324,6260,8224,13981
2025-04-19,op-hk8a-conflux,public,33,6452,9870,12710,22075
2025-04-19,op-us8a,public,0,0,0,0,0
2025-04-19,op-us8a-conflux,public,471,8738,13981,19972,34952
2025-04-20,op-de8a,public,431,9118,15534,24672,46603
2025-04-20,op-de8a-conflux,public,131,13530,23301,38130,69905
2025-04-20,op-hk8a,public,190,4712,6502,8559,13981
2025-04-20,op-hk8a-conflux,public,17,6875,9754,13107,22075
2025-04-20,op-us8a,public,0,0,0,0,0
2025-04-20,op-us8a-conflux,public,333,9754,14979,19972,34952
2025-04-21,op-de8a,public,74,8738,14979,23301,41943
2025-04-21,op-de8a-conflux,public,266,12710,22075,38130,69905
2025-04-21,op-hk8a,public,258,4510,6553,8559,14463
2025-04-21,op-hk8a-conflux,public,249,5745,8559,11037,18236
2025-04-21,op-us8a,public,0,0,0,0,0
2025-04-21,op-us8a-conflux,public,102,9754,14979,22075,38130
2025-04-22,op-de8a,public,249,6605,12336,20971,41943
2025-04-22,op-de8a-conflux,public,491,11335,19065,29959,52428
2025-04-22,op-hk8a,public,328,3795,5907,7913,13981
2025-04-22,op-hk8a-conflux,public,285,5309,8388,11650,20971
2025-04-22,op-us8a,public,0,0,0,0,0
2025-04-22,op-us8a-conflux,public,192,6990,12159,18236,34952
2025-04-23,op-de8a,public,606,8224,14463,23301,41943
2025-04-23,op-de8a-conflux,public,151,11037,19065,31687,59918
2025-04-23,op-hk8a,public,135,4571,6260,8347,13981
2025-04-23,op-hk8a-conflux,public,200,5447,8738,11983,20971
2025-04-23,op-us8a,public,0,0,0,0,0
2025-04-23,op-us8a-conflux,public,309,7913,12336,18236,32263
2025-04-24,op-de8a,public,468,7358,13107,21523,41943
2025-04-24,op-de8a-conflux,public,187,10230,18236,32263,59918
2025-04-24,op-hk8a,public,247,3495,5592,7767,13981
2025-04-24,op-hk8a-conflux,public,119,5667,8738,12336,22075
2025-04-24,op-us8a,public,0,0,0,0,0
2025-04-24,op-us8a-conflux,public,107,9118,14463,19972,34952
2025-04-25,op-de8a,public,225,7358,12336,19972,38130
2025-04-25,op-de8a-conflux,public,690,11335,19065,32263,59918
2025-04-25,op-hk8a,public,77,3994,6168,8388,14979
2025-04-25,op-hk8a-conflux,public,198,5377,8224,11650,20971
2025-04-25,op-us8a,public,0,0,0,0,0
2025-04-25,op-us8a-conflux,public,121,7626,13107,18236,32263
2025-04-26,op-de8a,public,294,6875,11492,19065,34952
2025-04-26,op-de8a-conflux,public,429,9754,19065,32263,59918
2025-04-26,op-hk8a,public,221,3838,5907,7913,13530
2025-04-26,op-hk8a-conflux,public,238,4863,7626,10754,19065
2025-04-26,op-us8a,public,0,0,0,0,0
2025-04-26,op-us8a-conflux,public,244,8065,12336,18236,32263
2025-04-27,op-de8a,public,344,7626,13530,22075,41943
2025-04-27,op-de8a-conflux,public,541,9118,16777,27962,52428
2025-04-27,op-hk8a,public,51,3410,5115,7231,12710
2025-04-27,op-hk8a-conflux,public,350,5825,8738,11983,20971
2025-04-27,op-us8a,public,0,0,0,0,0
2025-04-27,op-us8a-conflux,public,115,7626,12336,18236,32263
2025-04-28,op-de8a,public,562,7231,12710,19972,38130
2025-04-28,op-de8a-conflux,public,236,11650,20471,32263,59918
2025-04-28,op-hk8a,public,123,4279,6078,8224,13981
2025-04-28,op-hk8a-conflux,public,185,6553,9320,12710,20971
2025-04-28,op-us8a,public,0,0,0,0,0
2025-04-28,op-us8a-conflux,public,173,8388,13107,19065,34952
2025-04-29,op-de8a,public,613,7913,13530,20971,38130
2025-04-29,op-de8a-conflux,public,201,12710,23301,34952,59918
2025-04-29,op-hk8a,public,368,4236,6260,7913,13107
2025-04-29,op-hk8a-conflux,public,327,6260,9320,11983,19972
2025-04-29,op-us8a,public,0,0,0,0,0
2025-04-29,op-us8a-conflux,public,175,8388,13107,19065,34952
2025-04-30,op-de8a,public,518,7326,12710,20971,38130
2025-04-30,op-de8a-conflux,public,617,11650,20971,34952,69905
2025-04-30,op-hk8a,public,166,4236,5991,8065,13530
2025-04-30,op-hk8a-conflux,public,197,6355,9219,12336,20971
2025-04-30,op-us8a,public,0,0,0,0,0
2025-04-30,op-us8a-conflux,public,181,8559,13981,19972,34952
2025-05-01,op-de8a,public,261,8388,14463,22075,41943
2025-05-01,op-de8a-conflux,public,474,11650,19972,32263,59918
2025-05-01,op-hk8a,public,94,4194,6078,7913,13107
2025-05-01,op-hk8a-conflux,public,201,5667,9320,11650,19972
2025-05-01,op-us8a,public,0,0,0,0,0
2025-05-01,op-us8a-conflux,public,125,7767,12336,18236,32263
2025-05-02,op-de8a,public,153,8559,13981,22075,41943
2025-05-02,op-de8a-conflux,public,445,15534,24672,38130,69905
2025-05-02,op-hk8a,public,327,4660,6452,8388,13530
2025-05-02,op-hk8a-conflux,public,235,6355,9320,12710,22075
2025-05-02,op-us8a,public,0,0,0,0,0
2025-05-02,op-us8a-conflux,public,138,9118,13530,19065,32263
2025-05-03,op-de8a,public,242,7489,13530,22075,41943
2025-05-03,op-de8a-conflux,public,241,12710,22075,38130,69905
2025-05-03,op-hk8a,public,104,4369,6452,8559,14463
2025-05-03,op-hk8a-conflux,public,209,5518,8388,11335,19972
2025-05-03,op-us8a,public,0,0,0,0,0
2025-05-03,op-us8a-conflux,public,437,7840,13107,19065,34952
2025-05-04,op-de8a,public,217,3813,8924,18236,38130
2025-05-04,op-de8a-conflux,public,179,5178,12336,24672,52428
2025-05-04,op-hk8a,public,109,2637,5053,7294,13981
2025-05-04,op-hk8a-conflux,public,96,2448,5667,9532,19972
2025-05-04,op-us8a,public,0,0,0,0,0
2025-05-04,op-us8a-conflux,public,143,3615,8738,16131,32263
2025-05-05,op-de8a,public,213,3554,7358,15117,32263
2025-05-05,op-de8a-conflux,public,256,3956,10485,20971,41943
2025-05-05,op-hk8a,public,117,1902,4112,7108,13981
2025-05-05,op-hk8a-conflux,public,84,2186,4934,8065,16777
2025-05-05,op-us8a,public,0,0,0,0,0
2025-05-05,op-us8a-conflux,public,128,2984,6990,12336,26214
2025-05-06,op-de8a,public,135,3295,7989,14979,32263
2025-05-06,op-de8a-conflux,public,145,4415,9986,19972,41943
2025-05-06,op-hk8a,public,79,1773,3901,6452,12710
2025-05-06,op-hk8a-conflux,public,132,2369,5825,9118,19065
2025-05-06,op-us8a,public,0,0,0,0,0
2025-05-06,op-us8a-conflux,public,124,4510,9320,14979,29959
2025-05-07,op-de8a,public,172,6403,11335,19065,34952
2025-05-07,op-de8a-conflux,public,417,6657,12710,23301,46603
2025-05-07,op-hk8a,public,133,3576,5447,7489,13107
2025-05-07,op-hk8a-conflux,public,302,5053,8065,11335,19972
2025-05-07,op-us8a,public,0,0,0,0,0
2025-05-07,op-us8a-conflux,public,247,6553,11335,18236,34952
2025-05-08,op-de8a,public,147,3847,7626,14463,29959
2025-05-08,op-de8a-conflux,public,263,5667,10230,19972,38130
2025-05-08,op-hk8a,public,164,2511,4279,6355,11983
2025-05-08,op-hk8a-conflux,public,659,4042,6875,10230,19065
2025-05-08,op-us8a,public,0,0,0,0,0
2025-05-08,op-us8a-conflux,public,97,4194,8388,14979,29959
2025-05-09,op-de8a,public,99,2066,4462,9320,19972
2025-05-09,op-de8a-conflux,public,352,3761,7108,13530,27962
2025-05-09,op-hk8a,public,109,1632,2912,4934,9532
2025-05-09,op-hk8a-conflux,public,302,2979,5210,7876,14979
2025-05-09,op-us8a,public,0,0,0,0,0
2025-05-09,op-us8a-conflux,public,256,2902,5242,9320,18236
2025-05-10,op-de8a,public,83,3396,7358,13981,27962
2025-05-10,op-de8a-conflux,public,188,4793,8388,16131,32263
2025-05-10,op-hk8a,public,121,2269,4236,6355,12336
2025-05-10,op-hk8a-conflux,public,232,3919,6355,9754,18236
2025-05-10,op-us8a,public,0,0,0,0,0
2025-05-10,op-us8a-conflux,public,68,3584,6990,12336,24672
2025-05-11,op-de8a,public,189,2974,6078,11037,22075
2025-05-11,op-de8a-conflux,public,333,4609,8924,16777,34952
2025-05-11,op-hk8a,public,125,2304,4112,6123,11650
2025-05-11,op-hk8a-conflux,public,131,3719,6214,9320,17476
2025-05-11,op-us8a,public,0,0,0,0,0
2025-05-11,op-us8a-conflux,public,156,3956,7358,12336,24672
2025-05-12,op-de8a,public,198,2933,6034,11335,23301
2025-05-12,op-de8a-conflux,public,181,5706,10230,19972,38130
2025-05-12,op-hk8a,public,197,2317,3956,5825,11037
2025-05-12,op-hk8a-conflux,public,174,3928,6657,9986,19065
2025-05-12,op-us8a,public,0,0,0,0,0
2025-05-12,op-us8a-conflux,public,185,4236,7423,11650,22075
2025-05-13,op-de8a,public,430,3956,7108,12336,24672
2025-05-13,op-de8a-conflux,public,128,5242,9754,18236,34952
2025-05-13,op-hk8a,public,230,2379,4369,6452,12336
2025-05-13,op-hk8a-conflux,public,120,3711,6452,9532,18236
2025-05-13,op-us8a,public,0,0,0,0,0
2025-05-13,op-us8a-conflux,public,648,4963,8559,14463,27962
2025-05-14,op-de8a,public,257,4152,8065,14979,29959
2025-05-14,op-de8a-conflux,public,445,6765,11983,20971,41943
2025-05-14,op-hk8a,public,145,2833,4462,6452,11650
2025-05-14,op-hk8a-conflux,public,166,4279,6875,9870,18236
2025-05-14,op-us8a,public,0,0,0,0,0
2025-05-14,op-us8a-conflux,public,355,5592,9320,14979,27962
2025-05-15,op-de8a,public,202,4510,8306,14463,27962
2025-05-15,op-de8a-conflux,public,318,7358,12710,20971,38130
2025-05-15,op-hk8a,public,196,3226,4993,7108,12336
2025-05-15,op-hk8a-conflux,public,139,4821,7231,10485,18236
2025-05-15,op-us8a,public,101,4022,6657,9754,18236
2025-05-15,op-us8a-conflux,public,125,6168,10485,15981,29959
2025-05-16,op-de8a,public,165,6168,10754,18236,34952
2025-05-16,op-de8a-conflux,public,47,9587,16131,26214,46603
2025-05-16,op-hk8a,public,378,3778,5592,7626,13107
2025-05-16,op-hk8a-conflux,public,193,5309,7913,11037,19065
2025-05-16,op-us8a,public,142,4766,7489,10485,18236
2025-05-16,op-us8a-conflux,public,222,7913,12336,18236,32263
2025-05-17,op-de8a,public,59,7358,12710,19972,38130
2025-05-17,op-de8a-conflux,public,580,9754,17476,29959,59918
2025-05-17,op-hk8a,public,250,4369,6168,8065,13530
2025-05-17,op-hk8a-conflux,public,448,6168,8738,11650,19065
2025-05-17,op-us8a,public,240,5667,8924,11983,20971
2025-05-17,op-us8a-conflux,public,183,9118,13981,19065,32263
2025-05-18,op-de8a,public,286,7108,13107,20971,38130
2025-05-18,op-de8a-conflux,public,535,9754,19065,32263,59918
2025-05-18,op-hk8a,public,160,4152,5991,8065,13107
2025-05-18,op-hk8a-conflux,public,203,5745,9118,12336,22075
2025-05-18,op-us8a,public,227,5178,8559,11650,20971
2025-05-18,op-us8a-conflux,public,450,7913,13107,18443,32263
2025-05-19,op-de8a,public,262,6605,11650,19065,34952
2025-05-19,op-de8a-conflux,public,1302,9754,16131,27962,52428
2025-05-19,op-hk8a,public,199,3984,5991,7913,13530
2025-05-19,op-hk8a-conflux,public,170,5686,8924,12336,22075
2025-05-19,op-us8a,public,300,5412,8924,12710,23301
2025-05-19,op-us8a-conflux,public,391,8516,13530,19065,32263
2025-05-20,op-de8a,public,263,5886,11650,19972,38130
2025-05-20,op-de8a-conflux,public,424,9532,16777,27962,52428
2025-05-20,op-hk8a,public,133,3956,5991,7913,13530
2025-05-20,op-hk8a-conflux,public,199,5447,8559,11335,19972
2025-05-20,op-us8a,public,140,6260,9320,13107,23301
2025-05-20,op-us8a-conflux,public,138,7294,12336,18236,32263
2025-05-21,op-de8a,public,247,6765,12710,24672,46603
2025-05-21,op-de8a-conflux,public,426,9118,16131,27962,52428
2025-05-21,op-hk8a,public,175,3584,5592,7626,13530
2025-05-21,op-hk8a-conflux,public,124,5825,8559,11037,18236
2025-05-21,op-us8a,public,316,5825,9320,12336,22075
2025-05-21,op-us8a-conflux,public,166,7108,11650,18236,32263
2025-05-22,op-de8a,public,269,6765,11983,19972,38130
2025-05-22,op-de8a-conflux,public,156,9320,16131,29959,59918
2025-05-22,op-hk8a,public,152,3956,5745,7767,13107
2025-05-22,op-hk8a-conflux,public,348,5309,7989,11037,19065
2025-05-22,op-us8a,public,463,5242,8388,11650,20971
2025-05-22,op-us8a-conflux,public,406,6553,11650,17476,32263
2025-05-23,op-de8a,public,143,6355,11037,19065,38130
2025-05-23,op-de8a-conflux,public,416,8224,14979,27962,52428
2025-05-23,op-hk8a,public,167,3679,5745,7626,13530
2025-05-23,op-hk8a-conflux,public,134,5309,8065,11037,19065
2025-05-23,op-us8a,public,217,4978,8388,11983,22075
2025-05-23,op-us8a-conflux,public,297,7913,13107,19065,34952
2025-05-24,op-de8a,public,636,8065,14979,23643,46603
2025-05-24,op-de8a-conflux,public,152,10230,19065,32263,59918
2025-05-24,op-hk8a,public,213,4559,6078,7767,12336
2025-05-24,op-hk8a-conflux,public,254,5825,8388,11037,18236
2025-05-24,op-us8a,public,83,5447,8831,11983,20971
2025-05-24,op-us8a-conflux,public,282,7358,12710,19065,34952
2025-05-25,op-de8a,public,409,6657,11983,20971,41943
2025-05-25,op-de8a-conflux,public,118,11650,19065,32263,59918
2025-05-25,op-hk8a,public,152,4415,5991,8065,13530
2025-05-25,op-hk8a-conflux,public,316,5667,8388,11335,19065
2025-05-25,op-us8a,public,345,6260,9118,12336,20971
2025-05-25,op-us8a-conflux,public,354,8559,13981,19065,32263
2025-05-26,op-de8a,public,248,7358,13981,23301,46603
2025-05-26,op-de8a-conflux,public,443,10754,19065,32263,59918
2025-05-26,op-hk8a,public,345,4112,5745,7489,12336
2025-05-26,op-hk8a-conflux,public,307,6034,8388,10895,17476
2025-05-26,op-us8a,public,328,5447,8388,12071,20971
2025-05-26,op-us8a-conflux,public,131,8559,13107,19065,32263
2025-05-27,op-de8a,public,486,5765,11650,19065,38130
2025-05-27,op-de8a-conflux,public,171,8738,16131,27962,52428
2025-05-27,op-hk8a,public,240,3584,5242,7358,12710
2025-05-27,op-hk8a-conflux,public,200,5178,8224,11037,19065
2025-05-27,op-us8a,public,22,3410,7358,11037,22075
2025-05-27,op-us8a-conflux,public,164,7200,11983,17476,32263
2025-05-28,op-de8a,public,511,5518,11335,19065,38130
2025-05-28,op-de8a-conflux,public,410,7358,13107,23301,46603
2025-05-28,op-hk8a,public,190,3524,5377,7231,12710
2025-05-28,op-hk8a-conflux,public,148,4877,7767,10754,19065
2025-05-28,op-us8a,public,101,4072,7489,11335,22075
2025-05-28,op-us8a-conflux,public,43,4821,9118,14463,27962
2025-05-29,op-de8a,public,171,6765,11335,18236,34952
2025-05-29,op-de8a-conflux,public,277,8224,13981,26214,52428
2025-05-29,op-hk8a,public,154,3994,5518,7231,11983
2025-05-29,op-hk8a-conflux,public,90,4766,7840,10754,19065
2025-05-29,op-us8a,public,126,5053,8559,12336,22075
2025-05-29,op-us8a-conflux,public,338,6260,10754,17476,32263
2025-05-30,op-de8a,public,338,6056,10485,16777,32263
2025-05-30,op-de8a-conflux,public,690,8224,14979,26214,52428
2025-05-30,op-hk8a,public,155,3703,5447,7358,12710
2025-05-30,op-hk8a-conflux,public,149,4739,7358,9754,16777
2025-05-30,op-us8a,public,154,4621,7626,11335,20971
2025-05-30,op-us8a-conflux,public,132,6452,11983,17476,32263
2025-05-31,op-de8a,public,432,6657,11335,19972,38130
2025-05-31,op-de8a-conflux,public,454,8388,14979,24672,46603
2025-05-31,op-hk8a,public,223,3679,5518,7358,12710
2025-05-31,op-hk8a-conflux,public,149,4993,7294,9754,16777
2025-05-31,op-us8a,public,112,4236,6990,10754,19972
2025-05-31,op-us8a-conflux,public,264,6553,10754,16131,29959
2025-06-01,op-de8a,public,190,5907,10754,17476,32263
2025-06-01,op-de8a-conflux,public,488,8924,16131,27962,52428
2025-06-01,op-hk8a,public,176,3883,5377,7108,11650
2025-06-01,op-hk8a-conflux,public,153,5648,8065,11037,19065
2025-06-01,op-us8a,public,118,3576,7767,11335,22075
2025-06-01,op-us8a-conflux,public,154,5592,9754,15534,29959
2025-06-02,op-de8a,public,139,5907,9986,17476,32263
2025-06-02,op-de8a-conflux,public,307,7489,13530,24672,46603
2025-06-02,op-hk8a,public,282,3531,5309,7108,12336
2025-06-02,op-hk8a-conflux,public,193,5907,8306,11037,18236
2025-06-02,op-us8a,public,123,5115,8306,11335,19972
2025-06-02,op-us8a-conflux,public,143,6765,10754,15534,27962
2025-06-03,op-de8a,public,137,7767,12710,20971,38130
2025-06-03,op-de8a-conflux,public,898,10754,19065,34952,69905
2025-06-03,op-hk8a,public,296,4660,6260,8388,13530
2025-06-03,op-hk8a-conflux,public,193,5464,8224,10754,18236
2025-06-03,op-us8a,public,132,6684,9986,13530,23301
2025-06-03,op-us8a-conflux,public,145,8388,12710,19065,34952
2025-06-04,op-de8a,public,272,11650,19065,27962,52428
2025-06-04,op-de8a-conflux,public,341,12710,23301,41943,83886
2025-06-04,op-hk8a,public,424,4821,6355,8224,12710
2025-06-04,op-hk8a-conflux,public,56,6452,8738,11335,18236
2025-06-04,op-us8a,public,304,7626,10485,13981,23301
2025-06-04,op-us8a-conflux,public,104,10485,15534,20971,34952
2025-06-05,op-de8a,public,570,11650,19065,27962,52428
2025-06-05,op-de8a-conflux,public,442,14979,24672,38130,69905
2025-06-05,op-hk8a,public,178,4559,6355,8559,13981
2025-06-05,op-hk8a-conflux,public,305,6553,9320,11983,19972
2025-06-05,op-us8a,public,363,7626,11037,14463,24672
2025-06-05,op-us8a-conflux,public,121,8559,13981,19972,34952
2025-06-06,op-de8a,public,128,8738,16131,26214,52428
2025-06-06,op-de8a-conflux,public,657,14979,26214,41943,69905
2025-06-06,op-hk8a,public,175,4369,6078,8065,13530
2025-06-06,op-hk8a-conflux,public,626,6765,9532,12247,19972
2025-06-06,op-us8a,public,120,7767,11037,14979,24672
2025-06-06,op-us8a-conflux,public,463,11335,15534,20971,34952
2025-06-07,op-de8a,public,282,10754,17476,26214,46603
2025-06-07,op-de8a-conflux,public,665,13530,23301,41943,83886
2025-06-07,op-hk8a,public,192,4739,6355,8388,13530
2025-06-07,op-hk8a-conflux,public,479,7294,9532,11983,18236
2025-06-07,op-us8a,public,129,8224,11650,14979,24672
2025-06-07,op-us8a-conflux,public,146,9986,15534,20971,34952
2025-06-08,op-de8a,public,141,7913,14463,23301,41943
2025-06-08,op-de8a-conflux,public,336,13981,25443,46603,83886
2025-06-08,op-hk8a,public,190,4486,6260,7913,12710
2025-06-08,op-hk8a-conflux,public,63,5447,8388,11650,19972
2025-06-08,op-us8a,public,115,7489,10754,14463,24672
2025-06-08,op-us8a-conflux,public,223,8559,14463,19972,34952
2025-06-09,op-de8a,public,179,8924,14979,24672,46603
2025-06-09,op-de8a-conflux,public,219,14979,26214,41943,69905
2025-06-09,op-hk8a,public,321,4673,5991,7876,12336
2025-06-09,op-hk8a-conflux,public,172,6711,9320,12336,19972
2025-06-09,op-us8a,public,126,6657,9986,13530,23301
2025-06-09,op-us8a-conflux,public,134,11335,16777,22075,38130
2025-06-10,op-de8a,public,310,10230,16777,24672,41943
2025-06-10,op-de8a-conflux,public,179,12710,23301,41943,83886
2025-06-10,op-hk8a,public,201,4369,5991,7913,13107
2025-06-10,op-hk8a-conflux,public,241,5991,8388,11335,19065
2025-06-10,op-us8a,public,123,7231,10895,14463,24672
2025-06-10,op-us8a-conflux,public,91,10230,15534,20971,34952
2025-06-11,op-de8a,public,164,9320,15534,24672,46603
2025-06-11,op-de8a-conflux,public,144,11983,20971,34952,59918
2025-06-11,op-hk8a,public,385,4380,6078,7913,13107
2025-06-11,op-hk8a-conflux,public,499,5309,8224,11037,19065
2025-06-11,op-us8a,public,224,6765,10230,13981,24672
2025-06-11,op-us8a-conflux,public,71,11037,16131,22075,38130
2025-06-12,op-de8a,public,396,8224,14463,22688,41943
2025-06-12,op-de8a-conflux,public,160,13107,24672,38130,69905
2025-06-12,op-hk8a,public,242,4462,6355,8388,13981
2025-06-12,op-hk8a-conflux,public,230,5949,9118,11983,20971
2025-06-12,op-us8a,public,254,7626,10754,14979,24672
2025-06-12,op-us8a-conflux,public,353,9118,13981,19972,34952
2025-06-13,op-de8a,public,142,10754,16777,26214,46603
2025-06-13,op-de8a-conflux,public,280,13530,23301,38130,69905
2025-06-13,op-hk8a,public,92,4559,6260,7989,13107
2025-06-13,op-hk8a-conflux,public,390,5242,8388,11335,19972
2025-06-13,op-us8a,public,254,8065,11335,14979,24672
2025-06-13,op-us8a-conflux,public,397,10230,14463,19972,32263
2025-06-14,op-de8a,public,112,10230,16777,24672,41943
2025-06-14,op-de8a-conflux,public,231,14979,24672,38130,69905
2025-06-14,op-hk8a,public,86,4546,6168,7913,12710
2025-06-14,op-hk8a-conflux,public,110,6875,9320,11650,18236
2025-06-14,op-us8a,public,161,7767,10754,14463,23301
2025-06-14,op-us8a-conflux,public,421,10230,14979,20971,34952
2025-06-15,op-de8a,public,224,9754,16131,26214,46603
2025-06-15,op-de8a-conflux,public,373,15534,26214,41943,69905
2025-06-15,op-hk8a,public,279,4415,6168,8065,13530
2025-06-15,op-hk8a-conflux,public,140,6875,9532,12336,19972
2025-06-15,op-us8a,public,419,8065,11335,13981,22075
2025-06-15,op-us8a-conflux,public,643,10485,16131,21523,34952
2025-06-16,op-de8a,public,247,9118,16777,26214,46603
2025-06-16,op-de8a-conflux,public,566,12336,23301,38130,69905
2025-06-16,op-hk8a,public,181,4462,6078,8065,13107
2025-06-16,op-hk8a-conflux,public,139,6260,8924,11650,19065
2025-06-16,op-us8a,public,318,8065,11335,14979,24672
2025-06-16,op-us8a-conflux,public,293,9754,14979,20971,34952
2025-06-17,op-de8a,public,272,9754,16777,26214,46603
2025-06-17,op-de8a-conflux,public,783,12336,22075,38130,69905
2025-06-17,op-hk8a,public,113,4369,5825,7767,12710
2025-06-17,op-hk8a-conflux,public,361,5907,8559,11037,18236
2025-06-17,op-us8a,public,185,7231,10754,14463,24672
2025-06-17,op-us8a-conflux,public,183,11037,16131,22075,38130
2025-06-18,op-de8a,public,1035,10754,17476,26214,46603
2025-06-18,op-de8a-conflux,public,580,14979,26214,41943,69905
2025-06-18,op-hk8a,public,101,4660,6260,8065,12710
2025-06-18,op-hk8a-conflux,public,132,5991,8924,11335,19065
2025-06-18,op-us8a,public,480,7767,11037,14979,24672
2025-06-18,op-us8a-conflux,public,487,9986,14463,19972,32263
2025-06-19,op-de8a,public,629,10754,17476,26214,46603
2025-06-19,op-de8a-conflux,public,376,16292,26214,46603,83886
2025-06-19,op-hk8a,public,143,4660,6168,8224,13530
2025-06-19,op-hk8a-conflux,public,149,5592,8559,11335,19065
2025-06-19,op-us8a,public,1086,8065,11037,14463,23301
2025-06-19,op-us8a-conflux,public,357,9754,14979,20971,34952
2025-06-20,op-de8a,public,253,6237,14463,26214,52428
2025-06-20,op-de8a-conflux,public,75,7523,19065,38130,83886
2025-06-20,op-hk8a,public,141,3539,5825,8224,14979
2025-06-20,op-hk8a-conflux,public,104,4559,8388,11650,22075
2025-06-20,op-us8a,public,311,5178,9754,13107,23301
2025-06-20,op-us8a-conflux,public,171,4609,10754,16777,34952
2025-06-21,op-de8a,public,267,9320,15534,26214,46603
2025-06-21,op-de8a-conflux,public,551,13107,24672,41943,83886
2025-06-21,op-hk8a,public,188,4112,5907,7626,12710
2025-06-21,op-hk8a-conflux,public,137,5667,8473,11650,19065
2025-06-21,op-us8a,public,233,6765,10230,13530,23301
2025-06-21,op-us8a-conflux,public,331,9118,14979,20971,38130
2025-06-22,op-de8a,public,532,9118,15534,23301,41943
2025-06-22,op-de8a-conflux,public,443,14979,26214,41943,69905
2025-06-22,op-hk8a,public,157,4821,6452,8388,13530
2025-06-22,op-hk8a-conflux,public,70,6260,9118,11650,19065
2025-06-22,op-us8a,public,144,7108,10230,13530,22075
2025-06-22,op-us8a-conflux,public,161,8924,13530,19972,34952
2025-06-23,op-de8a,public,220,9532,16131,24672,46603
2025-06-23,op-de8a-conflux,public,287,13107,23301,38130,69905
2025-06-23,op-hk8a,public,250,4609,6452,8473,13981
2025-06-23,op-hk8a-conflux,public,327,6657,9532,11983,19972
2025-06-23,op-us8a,public,181,6990,10754,13981,23301
2025-06-23,op-us8a-conflux,public,159,9118,13981,19972,34952
2025-06-24,op-de8a,public,161,9320,16131,24672,46603
2025-06-24,op-de8a-conflux,public,342,13981,24672,38130,69905
2025-06-24,op-hk8a,public,136,5053,6765,8738,13981
2025-06-24,op-hk8a-conflux,public,86,6260,9118,11983,19972
2025-06-24,op-us8a,public,219,7489,10485,13981,23301
2025-06-24,op-us8a-conflux,public,154,8924,13530,19065,32263
2025-06-25,op-de8a,public,57,10230,17476,24672,41943
2025-06-25,op-de8a-conflux,public,315,14463,23301,38130,69905
2025-06-25,op-hk8a,public,182,4660,6452,8559,13981
2025-06-25,op-hk8a-conflux,public,215,6260,8738,11335,18236
2025-06-25,op-us8a,public,152,7169,10485,13981,23301
2025-06-25,op-us8a-conflux,public,180,9754,14979,20971,34952
2025-06-26,op-de8a,public,103,9118,14979,22075,38130
2025-06-26,op-de8a-conflux,public,303,11816,22075,34952,59918
2025-06-26,op-hk8a,public,245,4415,6452,8224,13530
2025-06-26,op-hk8a-conflux,public,322,5667,8388,11650,19972
2025-06-26,op-us8a,public,596,7231,10754,13981,23301
2025-06-26,op-us8a-conflux,public,370,9479,13981,19972,34952
2025-06-27,op-de8a,public,741,9928,16777,24672,46603
2025-06-27,op-de8a-conflux,public,993,14463,24672,38130,69905
2025-06-27,op-hk8a,public,175,4142,6260,7951,13530
2025-06-27,op-hk8a-conflux,public,134,6553,9532,12336,20971
2025-06-27,op-us8a,public,276,7358,10485,13981,23301
2025-06-27,op-us8a-conflux,public,618,9320,13981,19972,34952
2025-06-28,op-de8a,public,283,8306,14463,23301,41943
2025-06-28,op-de8a-conflux,public,1139,13981,23301,38130,69905
2025-06-28,op-hk8a,public,251,4462,6260,8224,13107
2025-06-28,op-hk8a-conflux,public,573,6657,9320,11983,19972
2025-06-28,op-us8a,public,115,7489,10485,13981,23301
2025-06-28,op-us8a-conflux,public,221,8924,14463,19972,34952
2025-06-29,op-de8a,public,203,10230,16777,26214,46603
2025-06-29,op-de8a-conflux,public,430,14463,24672,41943,69905
2025-06-29,op-hk8a,public,284,4752,6403,8065,12710
2025-06-29,op-hk8a-conflux,public,169,5845,9118,11650,19972
2025-06-29,op-us8a,public,625,6657,10230,13981,24672
2025-06-29,op-us8a-conflux,public,224,9754,14979,20971,34952
2025-06-30,op-de8a,public,225,8924,15534,23301,41943
2025-06-30,op-de8a-conflux,public,238,12336,20971,34952,59918
2025-06-30,op-hk8a,public,265,4660,6355,8065,13107
2025-06-30,op-hk8a-conflux,public,138,5099,8224,11650,20971
2025-06-30,op-us8a,public,737,6990,10485,14463,24672
2025-06-30,op-us8a-conflux,public,282,8559,13530,19972,34952
2025-07-01,op-de8a,public,328,10230,17476,26214,46603
2025-07-01,op-de8a-conflux,public,195,15534,24672,38130,69905
2025-07-01,op-hk8a,public,219,5008,6875,8738,13530
2025-07-01,op-hk8a-conflux,public,520,5825,8738,11335,19065
2025-07-01,op-us8a,public,552,7358,10754,14463,24672
2025-07-01,op-us8a-conflux,public,572,9320,14463,20971,38130
2025-07-02,op-de8a,public,338,9320,16131,24672,46603
2025-07-02,op-de8a-conflux,public,286,16131,24672,38130,69905
2025-07-02,op-hk8a,public,180,3994,5991,7913,13530
2025-07-02,op-hk8a-conflux,public,315,5825,8924,11335,19065
2025-07-02,op-us8a,public,119,7108,11037,14463,24672
2025-07-02,op-us8a-conflux,public,480,10230,14979,20971,34952
2025-07-03,op-de8a,public,364,9118,15534,23301,41943
2025-07-03,op-de8a-conflux,public,806,16951,26214,41943,69905
2025-07-03,op-hk8a,public,139,4546,6260,7913,12710
2025-07-03,op-hk8a-conflux,public,93,5464,8738,11650,19972
2025-07-03,op-us8a,public,391,6875,10485,13981,23301
2025-07-03,op-us8a-conflux,public,161,9118,13981,20971,38130
2025-07-04,op-de8a,public,572,10754,16777,24672,41943
2025-07-04,op-de8a-conflux,public,314,13530,24672,38130,69905
2025-07-04,op-hk8a,public,212,4403,6307,8224,13530
2025-07-04,op-hk8a-conflux,public,144,6452,9532,12336,20971
2025-07-04,op-us8a,public,940,7108,11037,14979,26214
2025-07-04,op-us8a-conflux,public,597,8738,13530,19291,34952
2025-07-05,op-de8a,public,262,11037,17476,26214,46603
2025-07-05,op-de8a-conflux,public,468,11650,19065,32263,59918
2025-07-05,op-hk8a,public,369,4660,6452,8388,13530
2025-07-05,op-hk8a-conflux,public,167,5447,8388,10966,19065
2025-07-05,op-us8a,public,519,5825,9320,13107,23301
2025-07-05,op-us8a-conflux,public,526,6452,11650,18236,34952
2025-07-06,op-de8a,public,384,8065,13530,23301,41943
2025-07-06,op-de8a-conflux,public,417,11335,19972,34952,69905
2025-07-06,op-hk8a,public,152,4438,6168,7767,12710
2025-07-06,op-hk8a-conflux,public,584,5518,8388,11037,18236
2025-07-06,op-us8a,public,511,6875,9754,12710,20971
2025-07-06,op-us8a-conflux,public,357,7358,11650,17476,32263
2025-07-07,op-de8a,public,155,8924,15534,23301,41943
2025-07-07,op-de8a-conflux,public,888,14979,23301,38130,69905
2025-07-07,op-hk8a,public,508,4415,6168,8224,13530
2025-07-07,op-hk8a-conflux,public,182,6355,8924,11650,19065
2025-07-07,op-us8a,public,116,6875,10230,13530,23301
2025-07-07,op-us8a-conflux,public,176,8224,13530,19972,34952
2025-07-08,op-de8a,public,293,10485,16777,24672,41943
2025-07-08,op-de8a-conflux,public,177,15832,26214,41943,69905
2025-07-08,op-hk8a,public,241,4510,6260,8224,13530
2025-07-08,op-hk8a-conflux,public,347,6657,9754,12336,19972
2025-07-08,op-us8a,public,942,5907,9754,13530,24672
2025-07-08,op-us8a-conflux,public,201,10230,15534,20971,34952
2025-07-09,op-de8a,public,463,9754,16777,26214,46603
2025-07-09,op-de8a-conflux,public,34,12336,20971,32263,59918
2025-07-09,op-hk8a,public,386,4660,6355,8388,13530
2025-07-09,op-hk8a-conflux,public,206,5745,8738,11037,18236
2025-07-09,op-us8a,public,544,7231,10485,14463,24672
2025-07-09,op-us8a-conflux,public,205,9986,14979,19972,32263
2025-07-10,op-de8a,public,254,9320,16131,24672,46603
2025-07-10,op-de8a-conflux,public,311,13530,22075,38130,69905
2025-07-10,op-hk8a,public,191,4821,6765,8738,14463
2025-07-10,op-hk8a-conflux,public,258,7108,9986,12710,20971
2025-07-10,op-us8a,public,216,7767,11335,14979,24672
2025-07-10,op-us8a-conflux,public,414,11037,16777,22994,38130
2025-07-11,op-de8a,public,292,10230,17476,26214,46603
2025-07-11,op-de8a-conflux,public,70,12336,22075,34952,59918
2025-07-11,op-hk8a,public,105,4357,6168,8224,13981
2025-07-11,op-hk8a-conflux,public,217,5745,8388,11335,19065
2025-07-11,op-us8a,public,402,7231,10754,13981,23301
2025-07-11,op-us8a-conflux,public,140,8388,13107,19065,34952
2025-07-12,op-de8a,public,260,11335,18236,27962,52428
2025-07-12,op-de8a-conflux,public,476,18236,29959,46603,83886
2025-07-12,op-hk8a,public,33,4609,6078,7767,12336
2025-07-12,op-hk8a-conflux,public,405,6078,8924,11983,19972
2025-07-12,op-us8a,public,85,7489,10754,13981,23301
2025-07-12,op-us8a-conflux,public,522,10485,14979,20971,34952
2025-07-13,op-de8a,public,278,10754,18236,27962,52428
2025-07-13,op-de8a-conflux,public,217,16777,27962,41943,69905
2025-07-13,op-hk8a,public,224,4877,6657,8559,13981
2025-07-13,op-hk8a-conflux,public,294,6452,9532,11983,19972
2025-07-13,op-us8a,public,356,7108,10754,14463,24672
2025-07-13,op-us8a-conflux,public,262,10230,15534,22075,38130
2025-07-14,op-de8a,public,104,10485,19065,27962,52428
2025-07-14,op-de8a-conflux,public,365,14979,26214,41943,69905
2025-07-14,op-hk8a,public,138,4934,6657,8559,13530
2025-07-14,op-hk8a-conflux,public,62,6502,9320,12336,20971
2025-07-14,op-us8a,public,628,7231,10754,13530,22075
2025-07-14,op-us8a-conflux,public,521,10754,16131,22075,38130
2025-07-15,op-de8a,public,295,10754,18236,29959,52428
2025-07-15,op-de8a-conflux,public,1240,15534,26214,41943,69905
2025-07-15,op-hk8a,public,225,5162,6765,8559,13530
2025-07-15,op-hk8a-conflux,public,260,6477,9426,12336,19972
2025-07-15,op-us8a,public,355,7913,11037,14463,23301
2025-07-15,op-us8a-conflux,public,330,9532,14463,20971,34952
2025-07-16,op-de8a,public,70,11037,19065,29959,52428
2025-07-16,op-de8a-conflux,public,465,16131,27962,46603,83886
2025-07-16,op-hk8a,public,411,4660,6355,8388,13530
2025-07-16,op-hk8a-conflux,public,187,6765,9320,11983,19065
2025-07-16,op-us8a,public,170,7390,10619,13981,23301
2025-07-16,op-us8a-conflux,public,197,11037,16131,22075,38130
2025-07-17,op-de8a,public,96,11983,18236,27962,46603
2025-07-17,op-de8a-conflux,public,1613,16131,27962,41943,69905
2025-07-17,op-hk8a,public,145,4821,6553,8224,13107
2025-07-17,op-hk8a-conflux,public,162,6078,8738,11650,19972
2025-07-17,op-us8a,public,344,8065,11335,14979,24672
2025-07-17,op-us8a-conflux,public,117,11037,15534,22075,38130
2025-07-18,op-de8a,public,229,9532,16131,24672,46603
2025-07-18,op-de8a-conflux,public,313,12710,24672,38130,69905
2025-07-18,op-hk8a,public,141,4546,6355,8065,13107
2025-07-18,op-hk8a-conflux,public,584,5991,8738,11983,20971
2025-07-18,op-us8a,public,292,7803,11037,14979,24672
2025-07-18,op-us8a-conflux,public,402,10754,15534,20971,34952
2025-07-19,op-de8a,public,215,11983,19065,27962,46603
2025-07-19,op-de8a-conflux,public,202,15534,26214,41943,69905
2025-07-19,op-hk8a,public,89,4993,6657,8388,13107
2025-07-19,op-hk8a-conflux,public,139,6657,9118,11650,19065
2025-07-19,op-us8a,public,250,8388,11650,14979,24672
2025-07-19,op-us8a-conflux,public,554,10754,16131,22075,38130
2025-07-20,op-de8a,public,225,10485,18236,27962,52428
2025-07-20,op-de8a-conflux,public,1370,11037,19972,34952,69905
2025-07-20,op-hk8a,public,150,4647,6452,8065,13107
2025-07-20,op-hk8a-conflux,public,166,6168,9118,12336,20971
2025-07-20,op-us8a,public,135,7489,11037,14979,26214
2025-07-20,op-us8a-conflux,public,381,11037,16131,22075,38130
2025-07-21,op-de8a,public,136,8738,14979,26214,52428
2025-07-21,op-de8a-conflux,public,290,12336,22075,38130,69905
2025-07-21,op-hk8a,public,393,4510,6168,8065,13107
2025-07-21,op-hk8a-conflux,public,52,6168,8738,11650,19065
2025-07-21,op-us8a,public,219,8065,11037,14463,23301
2025-07-21,op-us8a-conflux,public,684,10754,16131,20971,34952
2025-07-22,op-de8a,public,450,10485,19065,29959,52428
2025-07-22,op-de8a-conflux,public,343,12336,22075,38130,69905
2025-07-22,op-hk8a,public,498,4712,6355,8224,13107
2025-07-22,op-hk8a-conflux,public,224,5309,8388,11037,19065
2025-07-22,op-us8a,public,600,7840,11335,14979,24672
2025-07-22,op-us8a-conflux,public,450,9986,14979,22075,38130
2025-07-23,op-de8a,public,143,10230,17476,26214,46603
2025-07-23,op-de8a-conflux,public,295,18236,29959,41943,69905
2025-07-23,op-hk8a,public,216,4807,6553,8559,13981
2025-07-23,op-hk8a-conflux,public,533,5667,8559,11335,19065
2025-07-23,op-us8a,public,153,8738,11650,14979,23301
2025-07-23,op-us8a-conflux,public,380,11037,16777,22075,38130
2025-07-24,op-de8a,public,155,9118,14979,26214,46603
2025-07-24,op-de8a-conflux,public,418,12710,23301,38130,69905
2025-07-24,op-hk8a,public,204,4609,6452,8224,13530
2025-07-24,op-hk8a-conflux,public,199,6355,8924,11983,19972
2025-07-24,op-us8a,public,299,6990,10754,14463,24672
2025-07-24,op-us8a-conflux,public,165,9812,15534,22075,38130
2025-07-25,op-de8a,public,209,9118,16777,26214,46603
2025-07-25,op-de8a-conflux,public,819,13530,24672,41943,83886
2025-07-25,op-hk8a,public,157,5242,6990,8924,13981
2025-07-25,op-hk8a-conflux,public,215,6355,9320,12336,20971
2025-07-25,op-us8a,public,120,8738,11650,15256,24672
2025-07-25,op-us8a-conflux,public,951,9986,14463,20971,34952
2025-07-26,op-de8a,public,172,7626,13530,23301,46603
2025-07-26,op-de8a-conflux,public,894,12336,22075,38130,69905
2025-07-26,op-hk8a,public,551,4609,6355,8388,13981
2025-07-26,op-hk8a-conflux,public,183,6452,9118,11983,19972
2025-07-26,op-us8a,public,260,7489,11037,14463,24672
2025-07-26,op-us8a-conflux,public,269,8924,13530,19972,34952
2025-07-27,op-de8a,public,171,8065,14463,23301,41943
2025-07-27,op-de8a-conflux,public,209,14979,26214,41943,69905
2025-07-27,op-hk8a,public,345,4609,6553,8388,13530
2025-07-27,op-hk8a-conflux,public,230,6477,9320,12336,20971
2025-07-27,op-us8a,public,371,7489,11037,14592,24672
2025-07-27,op-us8a-conflux,public,323,9754,14979,20971,34952
2025-07-28,op-de8a,public,176,7913,15534,24672,46603
2025-07-28,op-de8a-conflux,public,619,11650,23301,38130,69905
2025-07-28,op-hk8a,public,259,4609,6260,8065,13107
2025-07-28,op-hk8a-conflux,public,195,6260,9118,11650,19065
2025-07-28,op-us8a,public,201,7019,10230,13981,23301
2025-07-28,op-us8a-conflux,public,159,9532,14463,19972,34952
2025-07-29,op-de8a,public,137,9986,17476,27962,52428
2025-07-29,op-de8a-conflux,public,533,13107,26214,41943,83886
2025-07-29,op-hk8a,public,158,3994,5667,7489,12710
2025-07-29,op-hk8a-conflux,public,119,5745,8388,10895,18236
2025-07-29,op-us8a,public,196,6765,9986,13530,23301
2025-07-29,op-us8a-conflux,public,139,9986,16131,22075,38130
2025-07-30,op-de8a,public,229,7767,14721,23301,41943
2025-07-30,op-de8a-conflux,public,213,12710,23301,38130,69905
2025-07-30,op-hk8a,public,135,4660,6355,8388,13530
2025-07-30,op-hk8a-conflux,public,59,6553,9320,11983,19972
2025-07-30,op-us8a,public,510,6078,10230,13530,24672
2025-07-30,op-us8a-conflux,public,526,9320,14463,19972,34952
2025-07-31,op-de8a,public,151,9587,16777,26214,46603
2025-07-31,op-de8a-conflux,public,507,16131,27962,46603,83886
2025-07-31,op-hk8a,public,276,4877,6553,8388,13530
2025-07-31,op-hk8a-conflux,public,118,6260,8924,11650,19065
2025-07-31,op-us8a,public,202,6355,10485,13981,24672
2025-07-31,op-us8a-conflux,public,260,10230,15534,22075,38130
2025-08-01,op-de8a,public,469,9754,16131,24672,46603
2025-08-01,op-de8a-conflux,public,340,11650,22075,38130,69905
2025-08-01,op-hk8a,public,456,4510,6355,8224,13530
2025-08-01,op-hk8a-conflux,public,342,5292,8388,11650,19972
2025-08-01,op-us8a,public,801,7489,10485,13981,23301
2025-08-01,op-us8a-conflux,public,157,8924,14979,20971,38130
2025-08-02,op-de8a,public,890,9754,16131,26214,46603
2025-08-02,op-de8a-conflux,public,659,15534,24672,38130,69905
2025-08-02,op-hk8a,public,629,4324,6260,7913,13107
2025-08-02,op-hk8a-conflux,public,162,5991,8559,11335,19065
2025-08-02,op-us8a,public,105,7231,10754,14463,24672
2025-08-02,op-us8a-conflux,public,261,9986,15534,20971,34952
2025-08-03,op-de8a,public,751,11650,18236,26214,46603
2025-08-03,op-de8a-conflux,public,287,16131,27962,41943,69905
2025-08-03,op-hk8a,public,100,4993,6657,8388,13107
2025-08-03,op-hk8a-conflux,public,308,6553,8924,11650,19065
2025-08-03,op-us8a,public,116,7626,10754,14463,24672
2025-08-03,op-us8a-conflux,public,134,9754,15534,20971,34952
2025-08-04,op-de8a,public,476,11983,18236,27962,46603
2025-08-04,op-de8a-conflux,public,750,16131,26214,41943,69905
2025-08-04,op-hk8a,public,27,4877,6355,8224,13107
2025-08-04,op-hk8a-conflux,public,202,5745,9021,11983,20971
2025-08-04,op-us8a,public,568,7489,10485,13981,23301
2025-08-04,op-us8a-conflux,public,496,10754,15534,20971,34952
2025-08-05,op-de8a,public,427,11335,18236,27962,52428
2025-08-05,op-de8a-conflux,public,779,12710,20971,34952,59918
2025-08-05,op-hk8a,public,414,4993,6657,8065,12336
2025-08-05,op-hk8a-conflux,public,661,6237,8738,11983,19972
2025-08-05,op-us8a,public,136,8144,11037,14463,23301
2025-08-05,op-us8a-conflux,public,122,11335,16131,20971,34952
2025-08-06,op-de8a,public,225,11650,18236,27962,52428
2025-08-06,op-de8a-conflux,public,330,15534,26214,41943,69905
2025-08-06,op-hk8a,public,253,4236,5991,7913,13107
2025-08-06,op-hk8a-conflux,public,273,6657,9532,12336,19972
2025-08-06,op-us8a,public,116,8224,11335,14463,23301
2025-08-06,op-us8a-conflux,public,164,11650,16777,22075,34952
2025-08-07,op-de8a,public,849,10754,16777,26214,46603
2025-08-07,op-de8a-conflux,public,408,15534,26214,41943,69905
2025-08-07,op-hk8a,public,472,4766,6452,8559,13530
2025-08-07,op-hk8a-conflux,public,1184,6765,8924,11650,18236
2025-08-07,op-us8a,public,265,6875,10230,13981,23301
2025-08-07,op-us8a-conflux,public,589,10754,15534,20971,34952
2025-08-08,op-de8a,public,778,10293,17476,26214,46603
2025-08-08,op-de8a-conflux,public,242,12710,20971,34952,59918
2025-08-08,op-hk8a,public,104,4934,6765,8924,14463
2025-08-08,op-hk8a-conflux,public,817,6260,8738,11335,18236
2025-08-08,op-us8a,public,442,6452,9986,13530,23301
2025-08-08,op-us8a-conflux,public,1252,11037,15534,20971,34952
2025-08-09,op-de8a,public,158,10754,18236,27962,52428
2025-08-09,op-de8a-conflux,public,198,19065,32263,46603,83886
2025-08-09,op-hk8a,public,308,4712,6260,7913,12710
2025-08-09,op-hk8a-conflux,public,466,5907,9118,12336,20971
2025-08-09,op-us8a,public,806,7626,11037,14463,24672
2025-08-09,op-us8a-conflux,public,325,11260,16777,22075,38130
2025-08-10,op-de8a,public,228,11650,18236,26214,46603
2025-08-10,op-de8a-conflux,public,146,15832,27962,41943,69905
2025-08-10,op-hk8a,public,188,5242,7108,8784,13981
2025-08-10,op-hk8a-conflux,public,421,6990,9754,12336,19972
2025-08-10,op-us8a,public,1015,8559,11650,15534,24672
2025-08-10,op-us8a-conflux,public,305,11335,16777,23301,38130
2025-08-11,op-de8a,public,284,9320,16777,26214,46603
2025-08-11,op-de8a-conflux,public,271,13107,23301,38130,69905
2025-08-11,op-hk8a,public,225,5309,6990,8924,13981
2025-08-11,op-hk8a-conflux,public,227,6657,9532,12710,20971
2025-08-11,op-us8a,public,294,6657,10230,13530,23301
2025-08-11,op-us8a-conflux,public,610,10230,14979,19972,32263
2025-08-12,op-de8a,public,340,11037,18236,26214,46603
2025-08-12,op-de8a-conflux,public,559,14463,24672,38130,69905
2025-08-12,op-hk8a,public,104,5447,7108,9320,14463
2025-08-12,op-hk8a-conflux,public,579,6100,9532,12336,20971
2025-08-12,op-us8a,public,290,8388,11492,14979,24672
2025-08-12,op-us8a-conflux,public,666,9320,14463,19972,34952
2025-08-13,op-de8a,public,143,8224,15534,24672,46603
2025-08-13,op-de8a-conflux,public,201,16131,26214,41943,69905
2025-08-13,op-hk8a,public,426,5377,6990,9118,14463
2025-08-13,op-hk8a-conflux,public,391,6355,9754,12710,22075
2025-08-13,op-us8a,public,341,8065,11335,14463,23301
2025-08-13,op-us8a-conflux,public,927,11335,16777,22075,38130
2025-08-14,op-de8a,public,242,10686,16777,26214,46603
2025-08-14,op-de8a-conflux,public,785,12336,22075,34952,59918
2025-08-14,op-hk8a,public,521,5053,6820,8924,14463
2025-08-14,op-hk8a-conflux,public,449,6553,8924,11650,19065
2025-08-14,op-us8a,public,220,7200,10485,13981,23301
2025-08-14,op-us8a-conflux,public,87,10230,14979,20971,34952
2025-08-15,op-de8a,public,923,11983,19065,27962,46603
2025-08-15,op-de8a-conflux,public,1115,14463,26214,46603,83886
2025-08-15,op-hk8a,public,66,4346,6355,8224,13530
2025-08-15,op-hk8a-conflux,public,130,6657,9532,12336,19972
2025-08-15,op-us8a,public,565,6452,9532,13107,22075
2025-08-15,op-us8a-conflux,public,220,10230,15534,20971,34952
2025-08-16,op-de8a,public,631,11983,19065,27962,46603
2025-08-16,op-de8a-conflux,public,651,14979,26214,41943,69905
2025-08-16,op-hk8a,public,816,5053,6875,9118,14979
2025-08-16,op-hk8a-conflux,public,606,6260,9320,12336,19972
2025-08-16,op-us8a,public,389,6553,10230,13981,24672
2025-08-16,op-us8a-conflux,public,864,10230,15534,20971,34952
2025-08-17,op-de8a,public,372,10485,17476,26214,46603
2025-08-17,op-de8a-conflux,public,234,14979,24672,41943,69905
2025-08-17,op-hk8a,public,174,5053,6875,9118,14979
2025-08-17,op-hk8a-conflux,public,700,6765,9986,13107,22075
2025-08-17,op-us8a,public,171,6214,10230,13981,24672
2025-08-17,op-us8a-conflux,public,852,9320,14463,19972,34952
2025-08-18,op-de8a,public,461,11335,18236,26214,46603
2025-08-18,op-de8a-conflux,public,559,15534,26214,41943,69905
2025-08-18,op-hk8a,public,211,4462,6355,8738,14979
2025-08-18,op-hk8a-conflux,public,467,6214,9986,13107,23301
2025-08-18,op-us8a,public,122,6765,10485,13981,24672
2025-08-18,op-us8a-conflux,public,98,9532,15534,20971,34952
2025-08-19,op-de8a,public,584,9754,18236,27962,52428
2025-08-19,op-de8a-conflux,public,247,14592,26214,38130,69905
2025-08-19,op-hk8a,public,483,5518,7231,9118,14463
2025-08-19,op-hk8a-conflux,public,312,6168,9118,11650,19065
2025-08-19,op-us8a,public,150,7231,10230,13530,22075
2025-08-19,op-us8a-conflux,public,171,11037,16131,20971,34952
2025-08-20,op-de8a,public,552,10230,17476,27962,52428
2025-08-20,op-de8a-conflux,public,1198,12809,22688,38130,69905
2025-08-20,op-hk8a,public,280,4877,6553,8559,13981
2025-08-20,op-hk8a-conflux,public,315,6355,9320,11983,19972
2025-08-20,op-us8a,public,310,7358,11037,14463,24672
2025-08-20,op-us8a-conflux,public,113,8473,14463,19972,34952
2025-08-21,op-de8a,public,955,11037,18236,27962,52428
2025-08-21,op-de8a-conflux,public,1514,16131,26214,41943,69905
2025-08-21,op-hk8a,public,247,5377,7489,9532,14979
2025-08-21,op-hk8a-conflux,public,466,7557,10754,13530,22075
2025-08-21,op-us8a,public,762,8388,11983,15534,26214
2025-08-21,op-us8a-conflux,public,400,10754,16131,22075,38130
2025-08-22,op-de8a,public,1010,11650,19972,29959,52428
2025-08-22,op-de8a-conflux,public,701,15117,27962,41943,69905
2025-08-22,op-hk8a,public,298,4415,6553,8924,15534
2025-08-22,op-hk8a-conflux,public,38,6260,9532,12710,22075
2025-08-22,op-us8a,public,757,7523,11037,14463,24672
2025-08-22,op-us8a-conflux,public,925,10230,14463,19972,32263
2025-08-23,op-de8a,public,500,9118,16777,26214,46603
2025-08-23,op-de8a-conflux,public,619,15534,27962,41943,69905
2025-08-23,op-hk8a,public,392,4793,6657,9021,14979
2025-08-23,op-hk8a-conflux,public,133,5991,9532,12336,20971
2025-08-23,op-us8a,public,68,7358,11037,14463,24672
2025-08-23,op-us8a-conflux,public,267,9754,14463,19972,34952
